slug,pypi_name,repo_watchers,usage_count,static_file_count,static_extensions,repo_url
django,Django,87608,435,101,".css,.js",https://github.com/django/django
django-rest-framework,djangorestframework,30042,376,13,".css,.js",https://github.com/tomchristie/django-rest-framework
wagtail,wagtail,20334,110,69,".css,.js",https://github.com/wagtail/wagtail
django-cms,django-cms,10638,187,120,".css,.js",https://github.com/django-cms/django-cms
django-ninja,django-ninja,9072,21,4,".css,.js",https://github.com/vitalik/django-ninja
django-debug-toolbar,django-debug-toolbar,8368,541,7,".css,.js",https://github.com/django-commons/django-debug-toolbar
flower,flower,7125,0,9,".css,.js",https://github.com/mher/flower
django-extensions,django-extensions,6808,298,4,".css,.js",https://github.com/django-extensions/django-extensions
django-oscar,django-oscar,6605,247,82,".css,.js",https://github.com/django-oscar/django-oscar
wger,wger,6167,0,9,".css,.js",https://github.com/rolandgeider/wger
weblate,weblate,5896,7,34,".css,.js",https://github.com/WeblateOrg/weblate
silk,django-silk,4974,5,51,".css,.js",https://github.com/jazzband/django-silk
mezzanine,Mezzanine,4828,131,128,".css,.js",https://github.com/stephenmcd/mezzanine
graphene-django,graphene-django,4385,13,1,.js,https://github.com/graphql-python/graphene-django
django-grappelli,django-grappelli,3931,169,270,".css,.js",https://github.com/sehmaschine/django-grappelli
drf-yasg,drf-yasg,3545,7,19,".css,.js",https://github.com/axnsan12/drf-yasg
modoboa,modoboa,3495,2,4,".css,.js",https://github.com/modoboa/modoboa
django-unfold,django-unfold,3490,10,24,".css,.js",https://github.com/remastr/django-unfold
cactus,Cactus,3471,0,9,".css,.js",https://github.com/eudicots/Cactus
django-import-export,django-import-export,3325,24,4,".css,.js",https://github.com/django-import-export/django-import-export
django-shop,django-shop,3321,58,31,".css,.js",https://github.com/awesto/django-shop
django-mptt,django-mptt,2975,113,2,".css,.js",https://github.com/django-mptt/django-mptt
django-sql-explorer,django-sql-explorer,2875,22,13,".css,.js",https://github.com/chrisclark/django-sql-explorer
viewflow,django-viewflow,2864,39,36,".css,.js",https://github.com/viewflow/viewflow
misago,Misago,2728,28,138,".css,.js",https://github.com/rafalp/misago
django-unicorn,django-unicorn,2653,8,15,.js,https://github.com/adamghill/django-unicorn
django-rest-swagger,django-rest-swagger,2579,15,4,".css,.js",https://github.com/marcgibbons/django-rest-swagger
django-material,django-material,2546,37,129,".css,.js",https://github.com/viewflow/django-material
django-ckeditor,django-ckeditor,2461,72,1056,".css,.js",https://github.com/django-ckeditor/django-ckeditor
pretix,pretix,2416,0,198,".css,.js",https://github.com/pretix/pretix
django-suit,django-suit,2405,53,16,".css,.js",https://github.com/darklow/django-suit
shuup,shuup,2378,16,36,".css,.js",https://github.com/shuup/shuup
wooey,wooey,2227,1,4,".css,.js",https://github.com/wooey/wooey
django-blog-zinnia,django-blog-zinnia,2131,68,10,".css,.js",https://github.com/Fantomas42/django-blog-zinnia
evennia,evennia,2061,2,27,".css,.js",https://github.com/evennia/evennia
django-admin-interface,django-admin-interface,2040,15,55,".css,.js",https://github.com/fabiocaccamo/django-admin-interface
django-tables2,django-tables2,2014,37,2,.css,https://github.com/jieter/django-tables2
django-htmx,django-htmx,1990,1,3,.js,https://github.com/adamchainz/django-htmx
django-wiki,wiki,1921,25,32,".css,.js",https://github.com/django-wiki/django-wiki
django-two-factor-auth,django-two-factor-auth,1869,8,1,.js,https://github.com/Bouke/django-two-factor-auth
django-autocomplete-light,django-autocomplete-light,1868,92,70,".css,.js",https://github.com/yourlabs/django-autocomplete-light
django-jazzmin,django-jazzmin,1864,15,43,".css,.js",https://github.com/farridav/django-jazzmin
django-tenants,django-tenants,1863,25,4,.css,https://github.com/django-tenants/django-tenants
django-filer,django-filer,1852,35,20,".css,.js",https://github.com/django-cms/django-filer
django-constance,django-constance,1847,28,2,".css,.js",https://github.com/jazzband/django-constance
django-polymorphic,django-polymorphic,1819,15,2,".css,.js",https://github.com/jazzband/django-polymorphic
django-hijack,django-hijack,1724,29,2,".css,.js",https://github.com/django-hijack/django-hijack
reviewboard,ReviewBoard,1713,14,1079,".css,.js",https://github.com/reviewboard/reviewboard
geonode,geonode,1679,0,34,".css,.js",https://github.com/GeoNode/geonode
django-helpdesk,django-helpdesk,1665,29,243,".css,.js",https://github.com/django-helpdesk/django-helpdesk
askbot,askbot,1567,26,1,.css,https://github.com/ASKBOT/askbot-devel
django-celery,django-celery,1553,85,1,.css,https://github.com/celery/django-celery
django-countries,django-countries,1527,30,2,.css,https://github.com/SmileyChris/django-countries
django-components,django-components,1515,2,1,.js,https://github.com/EmilStenstrom/django-components
django-modeltranslation,django-modeltranslation,1476,72,4,".css,.js",https://github.com/deschler/django-modeltranslation
django-tinymce,django-tinymce,1359,76,188,".css,.js",https://github.com/jazzband/django-tinymce
django-ledger,django-ledger,1345,0,2,".css,.js",https://github.com/arrobalytics/django-ledger
django-scheduler,django-scheduler,1337,83,2,".css,.js",https://github.com/llazzaro/django-scheduler
django-modern-rest,django-modern-rest,1251,1,14,".css,.js",https://github.com/wemake-services/django-modern-rest
django-angular,django-angular,1219,5,5,".css,.js",https://github.com/jrief/django-angular
django-treebeard,django-treebeard,1204,27,2,".css,.js",https://github.com/django-treebeard/django-treebeard
django-payments,django-payments,1195,8,1,.js,https://github.com/jazzband/django-payments
django-admin2,django-admin2,1188,8,11,".css,.js",https://github.com/jazzband/django-admin2
django-dynamic-scraper,django-dynamic-scraper,1159,4,1,.js,https://github.com/holgerd77/django-dynamic-scraper
django-rosetta,django-rosetta,1155,47,2,".css,.js",https://github.com/mbi/django-rosetta
django-smart-selects,django-smart-selects,1147,4,3,.js,https://github.com/jazzband/django-smart-selects
djangoql,djangoql,1130,1,7,".css,.js",https://github.com/ivelum/djangoql
feincms,FeinCMS,1100,50,7,".css,.js",https://github.com/feincms/feincms
django-summernote,django-summernote,1085,24,60,".css,.js",https://github.com/summernote/django-summernote
iommi,iommi,1074,1,6,".css,.js",https://github.com/iommirocks/iommi
django-controlcenter,django-controlcenter,1010,9,9,".css,.js",https://github.com/byashimov/django-controlcenter
django-filebrowser,django-filebrowser,997,29,11,".css,.js",https://github.com/sehmaschine/django-filebrowser
django-baton,django-baton,986,4,33,".css,.js",https://github.com/otto-torino/django-baton
django-markdownx,django-markdownx,939,32,4,".css,.js",https://github.com/neutronX/django-markdownx
pretalx,pretalx,912,0,151,".css,.js",https://github.com/pretalx/pretalx
django-newsletter-dokterbob,django-newsletter,912,21,2,.js,https://github.com/dokterbob/django-newsletter
django-admin-tools,django-admin-tools,896,75,14,".css,.js",https://github.com/django-admin-tools/django-admin-tools
django-admin-bootstrap,bootstrap_admin,881,7,8,".css,.js",https://github.com/douglasmiranda/django-admin-bootstrap
django-admin-sortable2,django-admin-sortable2,881,2,8,".css,.js",https://github.com/jrief/django-admin-sortable2
django-eventstream,django-eventstream,856,0,5,".css,.js",https://github.com/fanout/django-eventstream
django-todo,django-todo,846,10,2,".css,.js",https://github.com/shacker/django-todo
django-floppyforms,django-floppyforms,841,24,6,".css,.js",https://github.com/jazzband/django-floppyforms
ajax-selects,django-ajax-selects,825,19,12,".css,.js",https://github.com/crucialfelix/django-ajax-selects
django-object-actions,django-object-actions,811,3,1,.css,https://github.com/crccheck/django-object-actions
django-advanced-filters,django-advanced-filters,808,4,9,".css,.js",https://github.com/modlinltd/django-advanced-filters
django-treenode,django-treenode,800,3,2,".css,.js",https://github.com/fabiocaccamo/django-treenode
django-nested-admin,django-nested-admin,775,1,15,".css,.js",https://github.com/theatlantic/django-nested-admin
coderedcms,coderedcms,764,0,41,".css,.js",https://github.com/coderedcorp/coderedcms
openwisp-controller,openwisp-controller,752,2,29,".css,.js",https://github.com/openwisp/openwisp-controller
django-leaflet,django-leaflet,749,21,16,".css,.js",https://github.com/makinacorpus/django-leaflet
django-parler,django-parler,730,14,1,.css,https://github.com/edoburu/django-parler
cartridge,Cartridge,711,21,7,".css,.js",https://github.com/stephenmcd/cartridge
django-safedelete,django-safedelete,710,4,1,.css,https://github.com/makinacorpus/django-safedelete
django-adminactions,django-adminactions,701,2,20,".css,.js",https://github.com/saxix/django-adminactions
mayan-edms,mayan-edms,671,12,16,".css,.js",https://gitlab.com/mayan-edms/mayan-edms
django-fiber,django-fiber,664,21,511,".css,.js",https://github.com/django-fiber/django-fiber
django-colorfield,django-colorfield,663,0,5,".css,.js",https://github.com/jaredly/django-colorfield
django-browser-reload,django-browser-reload,663,0,2,.js,https://github.com/adamchainz/django-browser-reload
django-request,django-request,662,3,5,.js,https://github.com/django-request/django-request
puput,puput,658,11,9,".css,.js",https://github.com/APSL/puput
dpaste,dpaste,639,1,2,".css,.js",https://github.com/DarrenOfficial/dpaste
polemarch,polemarch,636,0,27,".css,.js",https://github.com/vstconsulting/polemarch
django-pwa,django-pwa,635,0,1,.css,https://github.com/silviolleite/django-pwa
django-base-template,django-base-template,634,1,7,".css,.js",https://github.com/xenith/django-base-template
pyscada,pyscada,627,0,79,".css,.js",https://github.com/pyscada/pyscada
django-comments-xtd,django-comments-xtd,623,10,2,.js,https://github.com/danirus/django-comments-xtd
django-extra-settings,django-extra-settings,617,0,2,".css,.js",https://github.com/fabiocaccamo/django-extra-settings
django-machina,django-machina,605,10,10,".css,.js",https://github.com/ellmetha/django-machina
django-slick-reporting,django-slick-reporting,601,3,5,.js,https://github.com/ra-systems/django-slick-reporting
slippers,slippers,576,0,1,.js,https://github.com/mixxorz/slippers
django-crm-admin,django-crm-admin,572,0,10,".css,.js",https://github.com/DjangoCRM/django-crm
django-admin-sortable,django-admin-sortable,572,7,4,".css,.js",https://github.com/iambrandontaylor/django-admin-sortable
django-pagedown,django-pagedown,572,4,13,".css,.js",https://github.com/timmyomahony/django-pagedown
django-location-field,django-location-field,571,10,15,".css,.js",https://github.com/caioariede/django-location-field
fiduswriter,fiduswriter,562,0,489,".css,.js",https://github.com/fiduswriter/fiduswriter
django-image-cropping,django-image-cropping,552,5,6,".css,.js",https://github.com/jonasundderwolf/django-image-cropping
django-recurrence,django-recurrence,541,4,4,".css,.js",https://github.com/jazzband/django-recurrence
django-versatileimagefield,django-versatileimagefield,540,9,4,".css,.js",https://github.com/WGBH/django-versatileimagefield
django-sortedm2m,django-sortedm2m,527,5,3,".css,.js",https://github.com/jazzband/django-sortedm2m
django-hstore,django-hstore,520,7,2,.js,https://github.com/djangonauts/django-hstore
django-tree-queries,django-tree-queries,512,2,2,".css,.js",https://github.com/matthiask/django-tree-queries
django-json-widget,django-json-widget,505,1,3,".css,.js",https://github.com/jmrivas86/django-json-widget
django-fobi,django-fobi,502,8,94,".css,.js",https://github.com/barseghyanartur/django-fobi
celery-progress,celery-progress,495,0,4,.js,https://github.com/czue/celery-progress
django-jet-reboot,django-jet-reboot,489,0,208,".css,.js",https://github.com/assem-ch/django-jet-reboot
django-chartit,django_chartit,487,23,1,.js,https://github.com/chartit/django-chartit
djangocms-blog,djangocms-blog,482,10,4,".css,.js",https://github.com/nephila/djangocms-blog
dj-control-room,dj-control-room,476,0,1,.css,https://github.com/yassi/dj-control-room
django-map-widgets,django-map-widgets,473,3,16,".css,.js",https://github.com/erdem/django-map-widgets
django-hitcount,django-hitcount,472,2,2,.js,https://github.com/thornomad/django-hitcount
django-multiselectfield,django-multiselectfield,470,3,3,".css,.js",https://github.com/goinnn/django-multiselectfield
django-categories,django-categories,468,2,3,".css,.js",https://github.com/jazzband/django-categories
djangocms-admin-style,djangocms-admin-style,453,2,14,".css,.js",https://github.com/django-cms/djangocms-admin-style
django-oidc-provider,django-oidc-provider,451,16,1,.js,https://github.com/juanifioren/django-oidc-provider
django-ueditor,django-ueditor,445,2,97,".css,.js",https://github.com/zhangfisher/DjangoUeditor
openwisp-radius,openwisp-radius,435,1,8,".css,.js",https://github.com/openwisp/openwisp-radius
django-formset,django-formset,434,1,37,".css,.js",https://github.com/jrief/django-formset
django-webpush,django-webpush,432,1,2,.js,https://github.com/safwanrahman/django-webpush
django-jsonform,django-jsonform,425,0,6,".css,.js",https://github.com/bhch/django-jsonform
wagtailmenus,wagtailmenus,421,0,1,.js,https://github.com/rkhleics/wagtailmenus
django-private-chat,django-private-chat,419,32,2,".css,.js",https://github.com/Bearle/django-private-chat
django-pattern-library,django-pattern-library,419,0,1,.js,https://github.com/torchbox/django-pattern-library
django-chartjs,django-chartjs,408,0,41,".css,.js",https://github.com/peopledoc/django-chartjs
longclaw,longclaw,404,9,8,".css,.js",https://github.com/JamesRamm/longclaw
django_markdown,django-markdown,390,5,9,".css,.js",https://github.com/klen/django_markdown
drum,drum,387,2,10,".css,.js",https://github.com/stephenmcd/drum
django-dash,django-dash,385,4,49,".css,.js",https://github.com/barseghyanartur/django-dash
django-bootstrap-modal-forms,django-bootstrap-modal-forms,382,0,4,.js,https://github.com/trco/django-bootstrap-modal-forms
turbo-django,turbo-django,379,0,3,.js,https://github.com/hotwire-django/turbo-django
django-data-browser,django-data-browser,377,0,2,".css,.js",https://github.com/tolomea/django-data-browser
django-admin-autocomplete-filter,django-admin-autocomplete-filter,359,0,2,".css,.js",https://github.com/farhan0581/django-admin-autocomplete-filter
reactpy-django,reactpy-django,356,1,34,".css,.js",https://github.com/reactive-python/reactpy-django
django-tagulous,django-tagulous,355,8,74,".css,.js",https://github.com/radiac/django-tagulous
django-daisy,django-daisy,352,0,124,".css,.js",https://github.com/hypy13/django-daisy
django-x509,django-x509,352,1,3,".css,.js",https://github.com/openwisp/django-x509
django-bulma,django-bulma,350,3,2,.css,https://github.com/timonweb/django-bulma
django-data-wizard,data-wizard,349,6,3,".css,.js",https://github.com/wq/django-data-wizard
django-datatable-view,django-datatable-view,349,0,2,.js,https://github.com/pivotal-energy-solutions/django-datatable-view
django-sitetree,django-sitetree,349,23,1,.css,https://github.com/idlesign/django-sitetree
django-fluent-dashboard,django-fluent-dashboard,343,2,1,.css,https://github.com/django-fluent/django-fluent-dashboard
djblets,Djblets,325,4,221,".css,.js",https://github.com/djblets/djblets
django-reversion-compare,django-reversion-compare,321,5,1,.css,https://github.com/jedie/django-reversion-compare
django-session-security,django-session-security,312,3,3,".css,.js",https://github.com/yourlabs/django-session-security
django_private_chat2,django_private_chat2,310,0,2,".css,.js",https://github.com/Bearle/django_private_chat2
waliki,waliki,309,4,234,".css,.js",https://github.com/mgaitan/waliki
django-el-pagination,django-el-pagination,309,9,1,.js,https://github.com/shtalinberg/django-el-pagination
richie,richie,307,0,1190,".css,.js",https://github.com/openfun/richie
django-wysiwyg-redactor,django-wysiwyg-redactor,307,5,27,".css,.js",https://github.com/douglasmiranda/django-wysiwyg-redactor
django-shinobi,django-shinobi,307,0,4,".css,.js",https://github.com/pmdevita/django-shinobi
django-star-ratings,django-star-ratings,301,14,7,".css,.js",https://github.com/wildfish/django-star-ratings
django-mptt-admin,django-mptt-admin,296,4,4,".css,.js",https://github.com/leukeleu/django-mptt-admin
django-redisboard,django-redisboard,279,2,1,.css,https://github.com/ionelmc/django-redisboard
django-appointment,django-appointment,273,0,18,".css,.js",https://github.com/adamspd/django-appointment
django-adminlte3,django-adminlte3,272,0,1199,".css,.js",https://github.com/d-demirci/django-adminlte3
django-front,django-front,268,3,23,".css,.js",https://github.com/mbi/django-front
django-cookie-consent,django-cookie-consent,267,3,1,.js,https://github.com/bmihelac/django-cookie-consent
django-wpadmin,django-wpadmin,266,1,17,".css,.js",https://github.com/barszczmm/django-wpadmin
django-memcache-status,django-memcache-status,265,10,1,.css,https://github.com/bartTC/django-memcache-status
django-dbtemplates,django-dbtemplates,262,6,12,".css,.js",https://github.com/jezdez/django-dbtemplates
wagtail-localize,wagtail-localize,250,1,4,".css,.js",https://github.com/wagtail/wagtail-localize
django-flexible-subscriptions,django-flexible-subscriptions,250,0,1,.css,https://github.com/studybuffalo/django-flexible-subscriptions
wagtailmedia,wagtailmedia,249,1,6,".css,.js",https://github.com/torchbox/wagtailmedia
django-liveview,django-liveview,242,0,2,.js,https://github.com/Django-LiveView/liveview
openwisp-network-topology,openwisp-network-topology,240,1,10,".css,.js",https://github.com/openwisp/openwisp-network-topology
django-business-logic,django-business-logic,235,0,4,".css,.js",https://github.com/dgk/django-business-logic
django-ajax-datatable,django-ajax-datatable,231,2,2,".css,.js",https://github.com/morlandi/django-ajax-datatable
openwisp-monitoring,openwisp-monitoring,229,0,21,".css,.js",https://github.com/openwisp/openwisp-monitoring
django-quill-editor,django-quill-editor,226,1,2,".css,.js",https://github.com/LeeHanYeong/django-quill-editor
django-prose,django-prose,222,0,2,".css,.js",https://github.com/parisk/django-prose
django-survey-and-report,django-survey-and-report,221,7,5,.js,https://github.com/Pierre-Sassoulas/django-survey
hyperkitty,HyperKitty,221,0,27,".css,.js",https://gitlab.com/mailman/hyperkitty
django-bootstrap-datepicker-plus,django-bootstrap-datepicker-plus,220,0,2,".css,.js",https://github.com/monim67/django-bootstrap-datepicker-plus
django-tz-detect,django-tz-detect,219,0,2,.js,https://github.com/adamcharnock/django-tz-detect
wagtail-markdown,wagtail-markdown,218,1,6,".css,.js",https://github.com/torchbox/wagtail-markdown
django-easy-select2,django-easy-select2,217,1,69,".css,.js",https://github.com/asyncee/django-easy-select2
django-tasks-scheduler,django-tasks-scheduler,217,1,1,.js,https://github.com/django-commons/django-tasks-scheduler
django-ckeditor-5,django-ckeditor-5,216,0,77,".css,.js",https://github.com/hvlads/django-ckeditor-5
django-better-admin-arrayfield,django-better-admin-arrayfield,215,0,4,".css,.js",https://github.com/gradam/django-better-admin-arrayfield
nearbeach_open_source_project_management,NearBeach,214,3,540,".css,.js",https://github.com/robotichead/NearBeach
django-inline-actions,django-inline-actions,213,1,1,.css,https://github.com/escaped/django-inline-actions
django-select2,django-select2,211,7,2,".css,.js",https://github.com/codingjoe/django-select2
django-sonar,django-sonar,210,1,7,".css,.js",https://github.com/metalogico/django-sonar
wechat-django,wechat-django,206,0,3,.js,https://github.com/Xavier-Lam/wechat-django
django-celery-monitor,django_celery_monitor,205,1,1,.css,https://github.com/jazzband/django-celery-monitor
jawanndenn,jawanndenn,202,2,5,".css,.js",https://github.com/hartwork/jawanndenn
django-crudbuilder,django-crudbuilder,196,4,9,".css,.js",https://github.com/asifpy/django-crudbuilder
django-loci,django-loci,195,1,6,".css,.js",https://github.com/openwisp/django-loci
wagtail-ai,wagtail-ai,193,0,11,".css,.js",https://github.com/tomusher/wagtail-ai
django-netjsonconfig,django-netjsonconfig,193,1,12,".css,.js",https://github.com/openwisp/django-netjsonconfig
django-prose-editor,django-prose-editor,192,3,6,".css,.js",https://github.com/matthiask/django-prose-editor
djangorealtime,djrealtime,191,0,1,.js,https://github.com/usmanhalalit/DjangoRealtime
django-newsfeed,django-newsfeed,191,2,1,.js,https://github.com/saadmk11/django-newsfeed
django-fluent-comments,django-fluent-comments,184,5,2,".css,.js",https://github.com/django-fluent/django-fluent-comments
django-mfa,django-mfa,182,1,3,".css,.js",https://github.com/MicroPyramid/django-mfa
django-semantic-admin,django-semantic-admin,180,1,7,".css,.js",https://github.com/globophobe/django-semantic-admin
django-planet,django-planet,179,9,1,.css,https://github.com/matagus/django-planet
django-classified,django-classified,178,0,7,".css,.js",https://github.com/slyapustin/django-classified
openwisp-users,openwisp-users,178,2,6,".css,.js",https://github.com/openwisp/openwisp-users
django-browserid,django-browserid,177,0,5,".css,.js",https://github.com/mozilla/django-browserid
django-colorful,django-colorful,174,1,2,".css,.js",https://github.com/charettes/django-colorful
djangocms-text-ckeditor,djangocms-text-ckeditor,174,0,293,".css,.js",https://github.com/django-cms/djangocms-text-ckeditor
django-yarr,django-yarr,172,1,2,".css,.js",https://github.com/radiac/django-yarr
wagtailcodeblock,wagtailcodeblock,171,0,3,".css,.js",https://github.com/FlipperPA/wagtailcodeblock
django-admin-extra-buttons,django-admin-extra-buttons,171,0,3,".css,.js",https://github.com/saxix/django-admin-extra-buttons
django-polymorphic-tree,django-polymorphic-tree,170,4,20,".css,.js",https://github.com/django-polymorphic/django-polymorphic-tree
djangocms-cascade,djangocms-cascade,169,4,37,".css,.js",https://github.com/jrief/djangocms-cascade
byro,byro,168,0,150,".css,.js",https://github.com/byro/byro
django-check-seo,django-check-seo,167,3,2,".css,.js",https://github.com/kapt-labs/django-check-seo
django-file-form,django-file-form,166,5,4,".css,.js",https://github.com/mbraak/django-file-form
wagtail-modeltranslation,wagtail-modeltranslation,155,0,7,".css,.js",https://github.com/infoportugal/wagtail-modeltranslation
django-editorjs-fields,django-editorjs-fields,151,2,2,".css,.js",https://github.com/2ik/django-editorjs-fields
wagtail-geo-widget,wagtailgeowidget,150,0,11,".css,.js",https://github.com/Frojd/wagtail-geo-widget
wagtailgeowidget,wagtailgeowidget,150,0,11,".css,.js",https://github.com/frojd/wagtail-geo-widget
django-fluent-contents,django-fluent-contents,148,2,17,".css,.js",https://github.com/django-fluent/django-fluent-contents
django-prototyper,django-prototyper,147,0,1,.js,https://github.com/vitalik/django-prototyper
django-ace,django-ace,147,0,540,".css,.js",https://github.com/django-ace/django-ace
django-filebrowser-no-grappelli,django-filebrowser-no-grappelli,144,1,12,".css,.js",https://github.com/smacker/django-filebrowser-no-grappelli
django-netjsongraph,django-netjsongraph,144,1,10,".css,.js",https://github.com/interop-dev/django-netjsongraph
django-prettyjson,django-prettyjson,143,1,2,".css,.js",https://github.com/kevinmickey/django-prettyjson
django-jinja-knockout,django-jinja-knockout,143,1,198,".css,.js",https://github.com/Dmitri-Sintsov/django-jinja-knockout
django-postgres-metrics,django-postgres-metrics,143,0,2,.css,https://github.com/django-postgres-metrics/django-postgres-metrics
django-simple-bulma,django-simple-bulma,142,0,6,".css,.js",https://github.com/python-discord/django-simple-bulma
django-cookie-law,django-cookie-law,140,2,2,".css,.js",https://github.com/TyMaszWeb/django-cookie-law
dj-celery-panel,dj-celery-panel,139,0,1,.css,https://github.com/yassi/dj-celery-panel
django_microsoft_auth,django-microsoft-auth,138,0,2,".css,.js",https://github.com/AngellusMortis/django_microsoft_auth
django-admin-confirm,django-admin-confirm,138,0,1,.css,https://github.com/TrangPham/django-admin-confirm
django-admin-site-search,django-admin-site-search,134,0,4,".css,.js",https://github.com/ahmedaljawahiry/django-admin-site-search
pyuploadcare,pyuploadcare,132,2,6,".css,.js",https://github.com/uploadcare/pyuploadcare
django-streamfield,django-streamfield,132,1,3,".css,.js",https://github.com/raagin/django-streamfield
django-admin-inline-paginator,django-admin-inline-paginator,132,1,1,.css,https://github.com/shinneider/django-admin-inline-paginator
django-selectable,django-selectable,130,11,2,".css,.js",https://github.com/mlavin/django-selectable
wagtail-autocomplete,wagtail-autocomplete,129,0,3,".css,.js",https://github.com/wagtail/wagtail-autocomplete
wagtail-personalisation,wagtail-personalisation,129,0,8,".css,.js",https://github.com/LabD/wagtail-personalisation
django-bom,django-bom,128,0,12,".css,.js",https://github.com/mpkasp/django-bom
django-tinymce4-lite,django-tinymce4-lite,127,2,218,".css,.js",https://github.com/romanvm/django-tinymce4-lite
django-instant,django-instant,126,0,1,.js,https://github.com/synw/django-instant
django-messages-extends,django-messages-extends,125,5,1,.js,https://github.com/AliLozano/django-messages-extends
cmsplugin-filer,cmsplugin-filer,125,13,2,".css,.js",https://github.com/stefanfoulis/cmsplugin-filer
django-imagefield,django-imagefield,124,0,2,".css,.js",https://github.com/matthiask/django-imagefield
django-admin-row-actions,django-admin-row-actions,122,0,3,".css,.js",https://github.com/DjangoAdminHackers/django-admin-row-actions
django-smartbase-admin,django-smartbase-admin,121,0,112,".css,.js",https://github.com/SmartBase-SK/django-smartbase-admin
wq-app,wq.app,121,1,6,".css,.js",https://github.com/wq/wq.app
openwisp-ipam,openwisp-ipam,120,1,6,".css,.js",https://github.com/openwisp/openwisp-ipam
django-admin-action-forms,django-admin-action-forms,117,0,2,".css,.js",https://github.com/michalpokusa/django-admin-action-forms
django-termsandconditions,django-termsandconditions,115,0,3,".css,.js",https://github.com/cyface/django-termsandconditions
django-scribbler,django-scribbler,114,3,8,".css,.js",https://github.com/caktus/django-scribbler
wagtail-birdsong,wagtail-birdsong,113,0,2,".css,.js",https://github.com/neon-jungle/wagtail-birdsong
django-emoji,django-emoji,111,3,1,.js,https://github.com/gaqzi/django-emoji
wagtail-transfer,wagtail-transfer,110,0,2,".css,.js",https://github.com/wagtail/wagtail-transfer
wagtail-experiments,wagtail-experiments,108,0,3,".css,.js",https://github.com/torchbox/wagtail-experiments
django-fluent-pages,django-fluent-pages,108,2,2,".css,.js",https://github.com/django-fluent/django-fluent-pages
django-leaflet-storage,django-leaflet-storage,108,1,56,".css,.js",https://github.com/umap-project/django-leaflet-storage
labb,labbui,108,0,129,.js,https://github.com/labbhq/labb
nango,nango,107,0,3,".css,.js",https://github.com/nicois/nango
django-mail-auth,django-mail-auth,107,1,1,.css,https://github.com/codingjoe/django-mail-auth
django-admin-collaborator,django-admin-collaborator,104,0,3,".css,.js",https://github.com/Brktrlw/django-admin-collaborator
feincms3,feincms3,104,0,6,".css,.js",https://github.com/matthiask/feincms3
wagtailtrans,wagtailtrans,103,1,1,.js,https://github.com/LUKKIEN/wagtailtrans
django-redis-monitor,django-redis-monitor,101,0,1,.js,https://github.com/simonw/django-redis-monitor
django-qa,django-qa,100,1,1,.css,https://github.com/swappsco/django-qa
django-logtailer,django-logtailer,100,0,4,".css,.js",https://github.com/fireantology/django-logtailer
dj-urls-panel,dj-urls-panel,100,0,1,.css,https://github.com/yassi/dj-urls-panel
django-debugtools,django-debugtools,98,1,1,.js,https://github.com/edoburu/django-debugtools
django-comments-dab,django-comments-dab,97,2,3,".css,.js",https://github.com/Radi85/Comment
openwisp-firmware-upgrader,openwisp-firmware-upgrader,97,0,6,".css,.js",https://github.com/openwisp/openwisp-firmware-upgrader
django-tracking-analyzer,django-tracking-analyzer,97,1,9,".css,.js",https://github.com/jose-lpa/django-tracking-analyzer
kagi,kagi,97,0,2,.js,https://github.com/justinmayer/kagi
django-redis-metrics,django-redis-metrics,93,1,5,".css,.js",https://github.com/bradmontgomery/django-redis-metrics
wagtail-resume,wagtail-resume,93,1,2,.css,https://github.com/adinhodovic/wagtail-resume
django-admin-index,django-admin-index,93,0,1,.css,https://github.com/maykinmedia/django-admin-index
wagtail-flags,wagtail-flags,91,0,1,.css,https://github.com/cfpb/wagtail-flags
django-form-builder,django-form-builder,91,0,1,.js,https://github.com/UniversitaDellaCalabria/django-form-builder
mezzanine-api,mezzanine-api,90,1,1,.css,https://github.com/gcushen/mezzanine-api
django-zxcvbn-password,django-zxcvbn-password,90,1,3,.js,https://github.com/Pawamoy/django-zxcvbn-password
dj-webhooks,dj-webhooks,89,4,2,".css,.js",https://github.com/pydanny/dj-webhooks
django-newsletter,django-newsletter,89,4,2,.js,https://github.com/howiworkdaily/django-newsletter
django-content-editor,django-content-editor,88,0,7,".css,.js",https://github.com/matthiask/django-content-editor
postorius,postorius,87,0,10,".css,.js",https://gitlab.com/mailman/postorius
django-tomselect,django-tomselect,87,1,10,".css,.js",https://github.com/OmenApps/django-tomselect
django-rq-dashboard,django-rq-dashboard,86,2,3,.js,https://github.com/brutasse/django-rq-dashboard
dj-tracker,django-trackings,86,0,2,".css,.js",https://github.com/Tijani-Dia/dj-tracker
django-ditto,django-ditto,85,1,6,".css,.js",https://github.com/philgyford/django-ditto
django-chatter,django-chatter,84,4,11,".css,.js",https://github.com/dibs-devs/chatter
django-cropduster,django-cropduster,84,1,17,".css,.js",https://github.com/theatlantic/django-cropduster
django-suit-dashboard,django-suit-dashboard,84,1,1,.css,https://github.com/Pawamoy/django-suit-dashboard
django-admin-search,django-admin-search,84,0,5,".css,.js",https://github.com/shinneider/django-admin-search
wagtail-condensedinlinepanel,wagtail-condensedinlinepanel,83,0,2,".css,.js",https://github.com/wagtail/wagtail-condensedinlinepanel
django-hypergen,django-hypergen,82,1,1,.js,https://github.com/runekaagaard/django-hypergen
django-schema-viewer,django-schema-viewer,82,0,2,".css,.js",https://github.com/pikhovkin/django-schema-viewer
django-select2-forms,django-select2-forms,82,0,8,".css,.js",https://github.com/theatlantic/django-select2-forms
djangocms-bootstrap4,djangocms-bootstrap4,82,0,4,".css,.js",https://github.com/django-cms/djangocms-bootstrap4
django-knocker,django-knocker,81,1,1,.js,https://github.com/nephila/django-knocker
django-web-profiler,django-web-profiler,80,0,4,".css,.js",https://github.com/MicroPyramid/django-web-profiler
wagtail-tag-manager,wagtail-tag-manager,79,0,11,".css,.js",https://github.com/jberghoef/wagtail-tag-manager
joyous,ls.joyous,78,2,13,".css,.js",https://github.com/linuxsoftware/ls.joyous
form_designer,form_designer,77,1,1,.css,https://github.com/feincms/form-designer
form-designer,form-designer,77,0,1,.css,https://github.com/feincms/form-designer/
wagtailvideos,wagtailvideos,76,0,5,".css,.js",https://github.com/neon-jungle/wagtailvideos
django-text,django-text,76,1,12,".css,.js",https://github.com/antonagestam/django-text
django-instagram,django-instagram,76,4,5,".css,.js",https://github.com/marcopompili/django-instagram
wagtailnews,wagtailnews,75,0,1,.js,https://github.com/takeflight/wagtailnews
django-import-export-extensions,django-import-export-extensions,75,0,5,".css,.js",https://github.com/saritasa-nest/django-import-export-extensions
django-ads,django-ads,75,3,1,.js,https://github.com/razisayyed/django-ads
django-super-inlines,django-super-inlines,74,0,6,.js,https://github.com/BertrandBordage/django-super-inlines
djangocms-frontend,djangocms-frontend,74,2,24,".css,.js",https://github.com/django-cms/djangocms-frontend
django-places,dj-places,74,1,2,".css,.js",https://github.com/oscarmcm/django-places
wagtail-react-streamfield,wagtail-react-streamfield,73,0,8,".css,.js",https://github.com/noripyt/wagtail-react-streamfield
django-dashboards,django-dashboards,72,0,22,".css,.js",https://github.com/wildfish/django-dashboards
django-carrot,django-carrot,72,1,6,".css,.js",https://github.com/chris104957/django-carrot
django-flat-json-widget,django-flat-json-widget,71,0,3,".css,.js",https://github.com/openwisp/django-flat-json-widget
django-taggit-labels,django-taggit-labels,71,1,2,".css,.js",https://github.com/bennylope/django-taggit-labels
pylucid,PyLucid,70,4,14,".css,.js",https://github.com/jedie/PyLucid
django-omnibus,django-omnibus,70,2,6,.js,https://github.com/moccu/django-omnibus
py2neo,py2neo,69,0,1,.css,https://github.com/nigelsmall/py2neo
django-tags-input,django-tags-input,69,2,5,".css,.js",https://github.com/WoLpH/django-tags-input
django-rules-light,django-rules-light,68,3,2,".css,.js",https://github.com/yourlabs/django-rules-light
dal_admin_filters,dal-admin-filters,68,0,3,".css,.js",https://github.com/shamanu4/dal_admin_filters
django-large-image,django-large-image,68,0,4,".css,.js",https://github.com/girder/django-large-image
django-localized-fields,django-localized-fields,68,1,2,".css,.js",https://github.com/SectorLabs/django-localized-fields
django-admin-inline-paginator-plus,django-admin-inline-paginator-plus,68,0,1,.css,https://github.com/DmytroLitvinov/django-admin-inline-paginator-plus
django-admin-ordering,django-admin-ordering,68,1,4,".css,.js",https://github.com/matthiask/django-admin-ordering
django-bananas,django-bananas,68,0,4,".css,.js",https://github.com/5monkeys/django-bananas
django-admin-list-filter,dalf,68,0,2,".css,.js",https://github.com/vigo/django-admin-list-filter
wagtailgridder,wagtailgridder,67,0,4,".css,.js",https://github.com/wharton/wagtailgridder
wagtail-orderable,wagtail-orderable,65,0,2,".css,.js",https://github.com/elton2048/wagtail-orderable
django-admin-tailwind,django-admin-tailwind,65,0,2,.css,https://github.com/Aleksi44/django-admin-tailwind
django-flatpickr,django-flatpickr,64,0,1,.js,https://github.com/monim67/django-flatpickr
django-task,django-task,64,2,2,".css,.js",https://github.com/morlandi/django-task
django-json-schema-editor,django-json-schema-editor,64,0,8,".css,.js",https://github.com/matthiask/django-json-schema-editor
django-cast,django-cast,63,1,21,".css,.js",https://github.com/ephes/django-cast
djangocms-page-meta,djangocms-page-meta,61,2,1,.css,https://github.com/nephila/djangocms-page-meta
django-markdown-app,django-markdown-app,60,3,10,".css,.js",https://github.com/sv0/django-markdown-app
django_tiptap,django_tiptap,59,0,1,.css,https://github.com/django-tiptap/django_tiptap
django-cabinet,django-cabinet,59,0,3,".css,.js",https://github.com/matthiask/django-cabinet
dj-redis-panel,dj-redis-panel,58,0,1,.css,https://github.com/yassi/dj-redis-panel
wagtail-color-panel,wagtail-color-panel,57,0,4,".css,.js",https://github.com/marteinn/wagtail-color-panel
wagtail-embedvideos,wagtail-embedvideos,57,0,3,".css,.js",https://github.com/bashu/wagtail-embedvideos
django-speedinfo,django-speedinfo,57,1,2,".css,.js",https://github.com/catcombo/django-speedinfo
django-schematic,django-schematic,56,0,2,".css,.js",https://github.com/jsheffie/django-schematic
django-statusboard,django-statusboard,56,1,4,".css,.js",https://github.com/edigiacomo/django-statusboard
design-django-theme,design-django-theme,56,0,69,".css,.js",https://github.com/italia/design-django-theme
django-afip,django-afip,56,0,1,.css,https://github.com/WhyNotHugo/django-afip
django-pagelets,django-pagelets,56,0,47,".css,.js",https://github.com/caktus/django-pagelets
openwisp-notifications,openwisp-notifications,55,0,11,".css,.js",https://github.com/openwisp/openwisp-notifications
wagtail-instance-selector,wagtail-instance-selector,55,0,5,".css,.js",https://github.com/ixc/wagtail-instance-selector
aiohttp-json-rpc,aiohttp-json-rpc,55,0,1,.js,https://github.com/pengutronix/aiohttp-json-rpc
wagtail-treemodeladmin,wagtail-treemodeladmin,53,0,1,.css,https://github.com/cfpb/wagtail-treemodeladmin
django-gisserver,django-gisserver,53,0,2,.css,https://github.com/Amsterdam/django-gisserver
django-admin-timeline,django-admin-timeline,53,1,5,".css,.js",https://github.com/barseghyanartur/django-admin-timeline
wagtailuiplus,wagtailuiplus,52,0,2,".css,.js",https://github.com/david-conde/wagtailuiplus
django-cruds,django-cruds,51,0,2,".css,.js",https://github.com/bmihelac/django-cruds
wagtail-admin-list-controls,wagtail-admin-list-controls,51,0,1,.js,https://github.com/ixc/wagtail-admin-list-controls
django-google-sso,django-google-sso,51,0,1,.css,https://github.com/megalus/django-google-sso
django-any-urlfield,django-any-urlfield,51,1,2,".css,.js",https://github.com/edoburu/django-any-urlfield
django-feedme,django-feedme,50,0,3,.js,https://github.com/dstegelman/django-feedme
django-bootstrap-customizer,django-bootstrap-customizer,49,0,10,".css,.js",https://github.com/johnfraney/django-bootstrap-customizer
django-reactive,django-reactive,49,0,5,".css,.js",https://github.com/CoverGenius/django-reactive
django-adminfilters,django-adminfilters,49,0,14,".css,.js",https://github.com/saxix/django-adminfilters
django-markitup,django-markitup,48,12,15,".css,.js",https://github.com/zsiciarz/django-markitup
django-modal-actions,django-modal-actions,48,0,2,".css,.js",https://github.com/Mng-dev-ai/django-modal-actions
dynamicforms,dynamicforms,47,1,85,".css,.js",https://github.com/velis74/DynamicForms
django-latexify,django-latexify,45,1,1,.css,https://github.com/AmmsA/django-latexify
django-s3-file-field,django-s3-file-field,44,0,2,".css,.js",https://github.com/girder/django-s3-file-field
djangos3browser,DjangoS3Browser,44,0,2,".css,.js",https://github.com/mkaykisiz/DjangoS3Browser
djangocms-versioning,djangocms-versioning,44,2,21,".css,.js",https://github.com/django-cms/djangocms-versioning
django-admincharts,django-admincharts,44,0,3,".css,.js",https://github.com/dropseed/django-admincharts
django-secure-auth,django-secure-auth,43,0,2,.js,https://github.com/gotlium/django-secure-auth
django-djeddit,django-djeddit,42,1,28,".css,.js",https://github.com/EatEmAll/django-djeddit
djadmin,djadmin,42,4,26,".css,.js",https://github.com/sainipray/djadmin
wagtail-opengraph-image-generator,wagtail-opengraph-image-generator,41,0,1,.js,https://github.com/candylabshq/wagtail-opengraph-image-generator
django-ninecms,django-ninecms,41,0,105,".css,.js",https://github.com/Wtower/django-ninecms
django-dynamic-choices,django-dynamic-choices,40,0,2,.js,https://github.com/charettes/django-dynamic-choices
django-relatedadminwidget,django-relatedadminwidget,39,0,1,.js,https://github.com/benjaoming/django-relatedadminwidget
vstutils,vstutils,39,0,35,".css,.js",https://github.com/vstconsulting/vstutils
django-file-picker,django-file-picker,39,3,47,".css,.js",https://github.com/caktus/django-file-picker
django-insights,django-insights,39,1,2,".css,.js",https://github.com/terminalkitten/django-insights
django-fluent-blogs,django-fluent-blogs,38,1,1,.css,https://github.com/django-fluent/django-fluent-blogs
wagtailmath,wagtailmath,38,0,3,.js,https://github.com/JamesRamm/wagtailmath
django-iprestrict,django-iprestrict,38,0,3,".css,.js",https://github.com/muccg/django-iprestrict
wagtail-content-import,wagtail-content-import,37,0,4,".css,.js",https://github.com/torchbox/wagtail-content-import
wagtail-meta-preview,wagtail-meta-preview,37,0,2,".css,.js",https://github.com/rinti/wagtail-meta-preview
django-fast-treenode,django-fast-treenode,37,0,15,".css,.js",https://github.com/TimurKady/django-fast-treenode
wagtailyoast,wagtailyoast,36,2,42,".css,.js",https://github.com/Aleksi44/wagtailyoast
django-sortable-listview,django-sortable-listview,36,2,1,.css,https://github.com/aptivate/django-sortable-listview
django-light,django-light,36,0,1,.css,https://github.com/frnhr/django-light
dj-payfast,dj-payfast,36,0,1,.css,https://github.com/Carrington-dev/dj-payfast
open-helpdesk,open-helpdesk,35,0,267,".css,.js",https://github.com/simodalla/open-helpdesk
wagtail-accessibility,wagtail-accessibility,35,0,1,.js,https://github.com/neon-jungle/wagtail-accessibility
wagtailclearstream,wagtailclearstream,35,0,2,".css,.js",https://github.com/heymonkeyriot/wagtailclearstream
django-galleryfield,django-galleryfield,35,0,4,".css,.js",https://github.com/dzhuang/django-galleryfield
wagtailsvg,wagtailsvg,35,0,1,.js,https://github.com/Aleksi44/wagtailsvg
djangocms-googlemap,djangocms-googlemap,35,0,1,.js,https://github.com/django-cms/djangocms-googlemap
django-business-rules,django-business-rules,34,0,4,".css,.js",https://github.com/maciejpolanczyk/django-business-rules
django-admin-list-filters,django-admin-list-filters,34,0,2,".css,.js",https://github.com/vb64/django.admin.filters
django-chartit2,django_chartit2,33,2,1,.js,https://github.com/grantmcconnaughey/django-chartit2
django-progressiveimagefield,django-progressiveimagefield,33,1,2,".css,.js",https://github.com/manikos/django-progressiveimagefield
uwkm_streamfields,uwkm_streamfields,33,0,26,".css,.js",https://github.com/UWKM/uwkm_streamfields
django-editorjs,django-editorjs,33,0,2,".css,.js",https://github.com/VLZH/django-editorjs
django-command-palette,django-command-palette,32,0,2,".css,.js",https://github.com/rajasimon/django-command-palette
django-typesense,django-typesense,32,0,1,.js,https://github.com/Siege-Software/django-typesense
django-admin-kubi,django-admin-kubi,32,1,75,".css,.js",https://github.com/dengunorg/django-admin-kubi
django-autocompletefilter,django-autocompletefilter,32,1,1,.js,https://github.com/julianwachholz/django-autocompletefilter
django-mqueue,django-mqueue,31,0,1,.css,https://github.com/synw/django-mqueue
wagtail-footnotes,wagtail-footnotes,31,0,3,".css,.js",https://github.com/torchbox/wagtail-footnotes
django-include-by-ajax,django-include-by-ajax,31,1,2,.js,https://github.com/archatas/django-include-by-ajax
django-admin-resumable-js,django-admin-resumable-js,30,0,1,.js,https://github.com/jonatron/django-admin-resumable-js
django-des,django-des,30,0,2,".css,.js",https://github.com/jamiecounsell/django-des
django-admin-dracula,django-admin-dracula,30,0,7,.css,https://github.com/dracula/django-admin
wagtailcharts,wagtailcharts,30,0,12,".css,.js",https://github.com/overcastsoftware/wagtailcharts
django-svelte-jsoneditor,django-svelte-jsoneditor,30,0,2,".css,.js",https://github.com/octue/django-svelte-jsoneditor
dj-signals-panel,dj-signals-panel,30,0,4,".css,.js",https://github.com/yassi/dj-signals-panel
django-osm-field,django-osm-field,30,0,7,".css,.js",https://github.com/MarkusH/django-osm-field
django-elasticsearch-debug-toolbar,django-elasticsearch-debug-toolbar,29,1,1,.js,https://github.com/Benoss/django-elasticsearch-debug-toolbar
django-frontend-forms,django-frontend-forms,29,0,3,".css,.js",https://github.com/morlandi/django-frontend-forms
django-gcp,django-gcp,29,0,2,".css,.js",https://github.com/octue/django-gcp
django-merged-inlines,django-merged-Inlines,28,1,1,.js,https://github.com/MattBroach/Django-Merged-Inlines
django-bootstrap-icons,django-bootstrap-icons,28,1,1,.css,https://github.com/christianwgd/django-bootstrap-icons
django-bootstrap-static,django-bootstrap-static,28,1,56,".css,.js",https://github.com/bittner/django-bootstrap-static
materialdjango,MaterialDjango,27,2,753,".css,.js",https://github.com/Colorless-Green-Ideas/MaterialDjango
django-streamfield-w,django-streamfield-w,27,0,7,".css,.js",https://github.com/rcrowther/django-streamfield-w
djangocms-youtube,djangocms-youtube,27,0,6,".css,.js",https://github.com/mishbahr/djangocms-youtube
django-constrainedfilefield,django-constrainedfilefield,26,0,1,.js,https://github.com/mbourqui/django-constrainedfilefield
django_spellbook,django-spellbook,26,0,11,.css,https://github.com/smattymatty/django_spellbook
wagtail-guide,wagtail-guide,25,0,1,.css,https://github.com/kevinhowbrook/wagtailguide
django-tour,django-tour,25,2,2,".css,.js",https://github.com/ambitioninc/django-tour
django-treasuremap,django-treasuremap,25,2,2,.js,https://github.com/silentsokolov/django-treasuremap
django-lookbook,django-lookbook,25,0,2,".css,.js",https://github.com/rails-inspire-django/django-lookbook
django-admin-utils,django-admin-utils,25,1,3,".css,.js",https://github.com/ionelmc/django-admin-utils
django-comments-ink,django-comments-ink,24,1,15,".css,.js",https://github.com/comments-ink/django-comments-ink
wagtailmodelchooser,wagtailmodelchooser,24,0,1,.js,https://github.com/springload/wagtailmodelchooser
django-inline-media,django-inline-media,24,1,9,".css,.js",https://github.com/danirus/django-inline-media
django-uwsgi-taskmanager,django-uwsgi-taskmanager,24,1,4,.js,https://github.com/openpolis/django-uwsgi-taskmanager
djangocms-moderation,djangocms-moderation,24,0,17,".css,.js",https://github.com/django-cms/djangocms-moderation
django-admin-csvexport,django-admin-csvexport,24,0,1,.js,https://github.com/thomst/django-admin-csvexport
django-boost,django-boost,24,0,1,.js,https://github.com/ChanTsune/django-boost
wagtail-image-import,wagtail-image-import,23,0,2,".css,.js",https://github.com/jacobtoppm/wagtail_draftail_anchors
wagtail-nhsuk-frontend,wagtail-nhsuk-frontend,23,0,2,".css,.js",https://github.com/nhsuk/wagtail-nhsuk-frontend
django-frontend,django-frontend,23,0,111,".css,.js",https://github.com/jonfaustman/django-frontend
django-indieweb,django-indieweb,23,0,3,".css,.js",https://github.com/ephes/django-indieweb
feincms_gallery,feincms-gallery,22,1,13,".css,.js",https://github.com/feinheit/feincms_gallery
wagtailerrorpages,wagtailerrorpages,22,0,2,".css,.js",https://github.com/alexgleason/wagtailerrorpages
wagtailfontawesome,wagtailfontawesome,22,0,2,.css,https://gitlab.com/alexgleason/wagtailfontawesome
django_react_admin,django_react_admin,22,0,6,".css,.js",https://github.com/pawnhearts/django_react_admin
djangocms-text,djangocms-text,22,2,271,".css,.js",https://github.com/django-cms/djangocms-text
djaodjin-survey,djaodjin-survey,22,0,9,".css,.js",https://github.com/djaodjin/djaodjin-survey
django-report-builder,django-report-builder,21,13,4,".css,.js",https://gitlab.com/burke-software/django-report-builder
django-deepzoom,django-deepzoom,21,1,1,.js,https://github.com/davidjcox/django-deepzoom
dj-spam,dj-spam,21,1,2,".css,.js",https://github.com/pydanny/dj-spam
django-dynamic-views,django-dynamic-views,20,0,2,".css,.js",https://github.com/ddaan/django-dynamic-views
django-sitecats,django-sitecats,20,2,2,.js,https://github.com/idlesign/django-sitecats
django-generic-links,django-generic-links,20,0,2,".css,.js",https://github.com/matagus/django-generic-links
djangocms-form-builder,djangocms-form-builder,20,0,5,".css,.js",https://github.com/fsbraun/djangocms-form-builder
django-cloudflare-images,django-cloudflare-images,19,0,2,".css,.js",https://github.com/KalvadTech/django-cloudflare-images
django-mptt-comments,django-mptt-comments,19,2,2,".css,.js",https://bitbucket.org/fivethreeo/django-mptt-comments/
wagtailformblocks,wagtailformblocks,19,0,1,.js,https://github.com/LUKKIEN/wagtailformblocks
django-upload-form,django-upload-form,19,0,4,".css,.js",https://github.com/morlandi/django-upload-form
django-yamlconf,django-yamlconf,19,0,1,.css,https://github.com/vmware/django-yamlconf
evileg-core,evileg-core,19,0,19,".css,.js",https://github.com/EVILEG/evileg-core
django-bootstrap-sidebar,django-bootstrap-sidebar,19,0,4,".css,.js",https://github.com/paulino/django-bootstrap-sidebar
django-cfg,django-cfg,18,0,16,".css,.js",https://github.com/markolofsen/django-cfg
django_recurring,django_recurring,18,0,3,".css,.js",https://github.com/boosh/django_recurring
django-blastplus,django-blastplus,18,0,3,".css,.js",https://github.com/michal-stuglik/django-blastplus
lasotuvi-django,lasotuvi-django,18,0,7,".css,.js",https://github.com/doanguyen/lasotuvi-django
django-fancy-cronfield,django-fancy-cronfield,17,1,13,".css,.js",https://github.com/saeedsq/django-fancy-cronfield
django-content-gallery,django-content-gallery,17,4,20,".css,.js",https://github.com/Kemaweyan/django-content-gallery
dj_palette,dj-palette,17,0,13,".css,.js",https://github.com/ogofe/dj_palette
wagtail-meeting-guide,wagtail-meeting-guide,17,0,2,".css,.js",https://github.com/meeting-guide/wagtail-meeting-guide
djangocms-stories,djangocms-stories,17,0,4,".css,.js",https://github.com/django-cms/djangocms-stories
django-comment-system,django-comment-system,16,0,6,".css,.js",https://github.com/mahyar-amiri/django-comment-system
django-front-end-validators,django-front-end-validators,16,0,2,".css,.js",https://github.com/johnfraney/django-front-end-validators
sbo-selenium,sbo-selenium,16,1,1,.js,https://github.com/safarijv/sbo-selenium
wagtail-redirect-importer,wagtail-redirect-importer,16,0,1,.css,https://github.com/Frojd/wagtail-redirect-importer
django-letsagree,django-letsagree,16,1,1,.css,https://github.com/raratiru/django-letsagree
djangocms-rest,djangocms-rest,16,0,1,.css,https://github.com/django-cms/djangocms-rest
django-convenient-formsets,django-convenient-formsets,15,0,2,.js,https://github.com/tiesjan/django-convenient-formsets
django-rated-reviews,django-rated-reviews,15,0,6,".css,.js",https://github.com/andreynovikov/django-rated-reviews
django-scope,django-scope,15,0,20,".css,.js",https://github.com/mythicalcosmic/django-scope
wagtail-annotations,wagtail-annotations,15,0,6,".css,.js",https://github.com/neon-jungle/wagtail-annotations
wagtailannotatedimage,wagtailannotatedimage,15,0,3,".css,.js",https://github.com/neon-jungle/wagtailannotatedimage
django-wildewidgets,django-wildewidgets,15,0,4,".css,.js",https://github.com/caltechads/django-wildewidgets
django-multiseek,django-multiseek,15,0,2,".css,.js",https://github.com/mpasternak/django-multiseek
djvue,djvue,15,0,5,.js,https://github.com/KuwaitNET/djvue
django-flag-app,django-flag-app,14,0,2,".css,.js",https://github.com/abhiabhi94/django-flag-app
django-cool,django-cool,14,0,3,".css,.js",https://github.com/007gzs/django-cool
django-dedal,django-dedal,14,1,1,.css,https://github.com/ar4s/django-dedal
django-tuieditor,django-tuieditor,14,0,8,".css,.js",https://github.com/QbDesu/django-tui.editor
django-staff-toolbar,django-staff-toolbar,14,0,1,.css,https://github.com/edoburu/django-staff-toolbar
django-ghoster,django-ghoster,14,1,90,".css,.js",https://github.com/ZuirensGit/django-ghoster
simo,simo,14,0,417,".css,.js",https://github.com/SIMO-io/simo
django-kickstart,django-kickstart,14,0,17,".css,.js",https://github.com/theduke/django-kickstart
django-livesettings3,django-livesettings3,14,1,1,.js,https://github.com/kunaldeo/django-livesettings3
django-meerkat,django-meerkat,14,1,141,".css,.js",https://github.com/pawamoy/django-meerkat
django-admin-autocomplete-all,django-admin-autocomplete-all,14,0,1,.js,https://github.com/pyutil/django-admin-autocomplete-all
django-admin-flexlist,django-admin-flexlist,14,0,2,.css,https://github.com/rafael-frs-a/django-admin-flexlist
django-admin-watchdog,django-admin-watchdog,13,0,1,.css,https://github.com/makinacorpus/django-admin-watchdog
mezzanine-pagedown,mezzanine-pagedown,13,2,6,".css,.js",https://bitbucket.org/akhayyat/mezzanine-pagedown
silent-mammoth-whistle,django-silent-mammoth-whistle,13,0,7,".css,.js",https://github.com/benopotamus/django-silent-mammoth-whistle
tg-apicore,tg-apicore,13,0,1,.css,https://github.com/thorgate/tg-apicore
django-email-learning,django-email-learning,13,0,65,".css,.js",https://github.com/avacodesolutions/django-email-learning
wagtail-plotly,wagtail-plotly,13,0,2,".css,.js",https://github.com/cursive-works/wagtail-plotly
wagtail-uplift,wagtail-uplift,13,0,2,.css,https://github.com/l1f7/wagtail_uplift
wagtailsocialfeed,wagtailsocialfeed,13,0,2,".css,.js",https://github.com/LUKKIEN/wagtailsocialfeed
punkwebbb,punkweb-bb,13,0,140,".css,.js",https://github.com/Punkweb/PunkwebBB
django-kolibri,Kolibri,13,1,498,".css,.js",https://bitbucket.org/weholt/django-kolibri
djangocms-alias,djangocms-alias,13,2,3,.js,https://github.com/django-cms/djangocms-alias
djangocms-page-tags,djangocms-page-tags,13,1,1,.css,https://github.com/nephila/djangocms-page-tags
django-admin-multiupload,django-admin-multiupload,13,0,2,".css,.js",https://github.com/arifogluisa/django-admin-multiupload
django-basic-feedback,django-basic-feedback,13,1,2,".css,.js",https://github.com/SeanHayes/django-basic-feedback
django-publications-bootstrap,django-publications-bootstrap,12,0,1,.css,https://github.com/mbourqui/django-publications-bootstrap
django-lineup,django-lineup,12,1,2,".css,.js",https://github.com/otto-torino/django-lineup
django-simple-forum,django-simple-forum,12,3,9,".css,.js",https://github.com/yoanisgil/django-simple-forum
wagtail-shop,wagtail-shop,12,0,2,".css,.js",https://github.com/ladrua/wagtail-shop
wagtailmarkdownblock,wagtailmarkdownblock,12,0,3,".css,.js",https://github.com/FlipperPA/wagtailmarkdownblock
django-log-lens,django-log-lens,12,1,3,".css,.js",https://github.com/martinbroede/django-log-lens
django-ajax-favorite,django-ajax-favorite,12,0,2,.js,https://github.com/dreidev/django-favorites
django-better-json-widget,django-better-json-widget,12,1,1,.js,https://github.com/yakimka/django-better-json-widget
feincms3-cookiecontrol,feincms3-cookiecontrol,12,0,2,.js,https://github.com/feincms/feincms3-cookiecontrol/
wagtailtables,wagtailtables,11,0,6,".css,.js",https://github.com/overcastsoftware/wagtailtables
wagtail-honeypot,wagtail-honeypot,11,0,2,".css,.js",https://github.com/nickmoreton/wagtail-honeypot
django-honeyguard,django-honeyguard,11,0,1,.css,https://github.com/alihtt/django-honeyguard
django-htmx-messages,django-htmx-messages,11,0,1,.js,https://github.com/abe-101/django-htmx-messages
django-image-renderer,django-image-renderer,11,1,2,".css,.js",https://github.com/rouk1/django-image-renderer
df_websockets,df_websockets,11,0,1,.js,https://github.com/d9pouces/df_websockets
django-admin-refresh,django-admin-refresh,11,1,88,".css,.js",https://github.com/knyghty/django-admin-refresh
django-ajax-cbv,django-ajax-cbv,10,0,2,.js,https://github.com/dipcode-software/django-ajax-cbv
mezzanine-shortcodes,mezzanine-shortcodes,10,0,5,".css,.js",https://github.com/ryneeverett/mezzanine-shortcodes
django-curation,django-curation,10,0,3,".css,.js",https://github.com/theatlantic/django-curation
awesome-django-timezones,awesome-django-timezones,10,0,1,.js,https://github.com/wgordon17/awesome-django-timezones
django-editor-js,dj-editor-js,10,0,5,".css,.js",https://github.com/otto-torino/django-editor-js
django-htmx-modal-forms,django-htmx-modal-forms,10,0,1,.js,https://github.com/abe-101/django-htmx-modal-forms
djangosmartshare,djangosmartshare,10,1,13,".css,.js",https://github.com/aasmpro/djangosmartshare
django-mirror,django-mirror,10,0,294,".css,.js",https://github.com/pavelsof/django-mirror
django-admin-react,django-admin-react,10,0,4,".css,.js",https://github.com/martincastroalvarez/django-admin-react
django-political-map,django-political-map,10,1,3,".css,.js",https://github.com/20tab/django-political-map
django-cms-articles,django-cms-articles,9,0,2,".css,.js",https://github.com/misli/django-cms-articles
django-controlled-vocabulary,django-controlled-vocabulary,9,0,2,".css,.js",https://github.com/kingsdigitallab/django-controlled-vocabulary
django-searchkit,django-searchkit,9,0,5,".css,.js",https://github.com/thomst/django-searchkit
django-vox,django-vox,9,0,4,".css,.js",https://gitlab.com/alantrick/django-vox
wagtail-adminsortable,wagtail-adminsortable,9,0,1,.js,https://github.com/Lh4cKg/wagtail-admin-sortable
wagtail-json-widget,wagtail-json-widget,9,0,5,".css,.js",https://github.com/cursive-works/wagtail-json-widget
wagtailosm,wagtailosm,9,0,1,.css,https://github.com/benjaoming/wagtailosm
django-handyhelpers,django-handyhelpers,9,0,1297,".css,.js",https://github.com/davidslusser/django-handyhelpers
wagtailterms,wagtailterms,9,0,3,.js,https://github.com/smark-1/wagtailterms
cartridge_braintree,cartridge_braintree,9,1,7,".css,.js",https://github.com/henri-hulski/cartridge_braintree
django-mini-system-monitor,django-mini-system-monitor,9,0,3,".css,.js",https://github.com/dannluciano/django-mini-system-monitor
django-allauth,django-allauth,9,144,7,.js,https://codeberg.org/allauth/django-allauth
django-carbondesign,django-carbondesign,9,0,4,".css,.js",https://github.com/dozymoe/django-carbondesign
django-logviewer,django-admin-logviewer,8,0,1,.js,https://github.com/morlandi/django-logviewer
django-rating-system,django-rating-system,8,0,4,".css,.js",https://github.com/mahyar-amiri/django-rating-system
django-reaction-system,django-reaction-system,8,0,6,".css,.js",https://github.com/mahyar-amiri/django-reaction-system
django-fancybox,django-fancybox,8,0,2,".css,.js",https://github.com/bashu/django-fancybox
django-fineuploader,django-fineuploader,8,0,4,".css,.js",https://github.com/bashu/django-fineuploader
django-tablefield,django-tablefield,8,0,4,".css,.js",https://github.com/raagin/django-tablefield
django-unitology,django-unitology,8,0,1,.js,https://github.com/bashu/django-unitology
djangocms-highlightjs,djangocms-highlightjs,8,1,45,".css,.js",https://github.com/nephila/djangocms-highlightjs
django-admin-deux,django-admin-deux,8,0,2,".css,.js",https://codeberg.org/emmaDelescolle/django-admin-deux
django-miniexplorer,django-miniexplorer,8,0,2,".css,.js",https://github.com/dannluciano/django-miniexplorer
djangocms-text-ckeditor5,djangocms-text-ckeditor5,8,0,3,".css,.js",https://github.com/django-cms/djangocms-text-ckeditor5
django-admin-range,django-admin-range,8,0,2,".css,.js",https://github.com/arifogluisa/django-admin-range
django-admin-sticky-notes,django-admin-sticky-notes,8,0,2,".css,.js",https://github.com/dchoruzy/django-admin-sticky-notes
django-asyncapi,django-asyncapi,8,0,4,".css,.js",https://github.com/skonik/django-asyncapi
djangocms-simple-admin-style,djangocms-simple-admin-style,8,0,2,".css,.js",https://github.com/fsbraun/djangocms-simple-admin-style
django-cked,django-cked,7,2,400,".css,.js",https://github.com/dead23angel/django-cked
mobetta,mobetta,7,0,3,".css,.js",https://github.com/maykinmedia/mobetta
django-events-timetable,django-events-timetable,7,0,2,".css,.js",https://github.com/dostogircse171/django_events_timetable
django-inspire-eu,django-inspire-eu,7,0,2,".css,.js",https://github.com/xusy2k/django-inspire-eu
django-custom-error-views,django-custom-error-views,7,0,1,.css,https://github.com/adinhodovic/django-custom-error-views
django-secure-js-login,django-secure-js-login,7,1,3,.js,https://github.com/jedie/django-secure-js-login
wapps,wapps,7,0,3,".css,.js",https://github.com/apihackers/wapps
django-global-search,django-global-search,7,0,2,".css,.js",https://github.com/2ykwang/django-global-search
django-jquery,django-jquery,7,0,1,.js,https://bitbucket.org/massimilianoravelli/django-jquery
django-adminlte2-templates,django-adminlte2-templates,7,0,66,".css,.js",https://github.com/josemarimanio/django-adminlte2-templates
django-cerberus-ac,django-cerberus-ac,7,1,104,".css,.js",https://github.com/pawamoy/django-cerberus-ac
django_document_catalogue,django-document-catalogue,6,1,1,.js,https://github.com/powderflask/django_document_catalogue
django-task-api,django-task-api,6,0,1,.js,https://github.com/nikmolnar/django-task-api
w3blog,w3blog,6,0,2,".css,.js",https://github.com/Yaroslav-95/w3blog
django-richmin,django-richmin,6,0,43,".css,.js",https://github.com/mymy47/django-richmin
wagtail-charcount,wagtail-charcount,6,0,1,.js,https://github.com/takeflight/wagtail-charcount
wagtail-code-blog,wagtail-code-blog,6,0,2,.css,https://github.com/honeylogic-io/wagtail-code-blog
django-simple-bulk-emailer,django-simple-bulk-emailer,6,0,4,".css,.js",https://github.com/jonathanrickard/django-simple-bulk-emailer
wagtail-news-image,wagtail-news-image,6,0,1,.js,https://github.com/StocksDigital/wagtail-news-image
wagtail-video,wagtail-video,6,0,1,.js,https://github.com/l1f7/wagtail_video
leprikon,leprikon,6,0,9,".css,.js",https://github.com/leprikon-cz/leprikon
django-stratagem,django-stratagem,6,0,2,.js,https://github.com/omenapps/django-stratagem
checklist-seo,checklist-seo,6,0,3,".css,.js",https://github.com/itarverne/checklist-seo
dj-audit,dj-audit,6,0,2,".css,.js",https://github.com/Emmarex/django-audit
djadyen,djadyen,6,0,4,".css,.js",https://github.com/maykinmedia/djadyen
django-2fa,django-2fa,6,0,3,.js,https://github.com/neutron-sync/django-2fa
django-powercrud,django-powercrud,6,0,16,".css,.js",https://github.com/doctor-cornelius/django-powercrud
djangocms-maps,djangocms-maps,6,0,5,.js,https://github.com/Organice/djangocms-maps
django-component-tags-tailwindcss,django-component-tags-tailwindcss,5,0,14,".css,.js",https://github.com/syse-i/django-component-tags-tailwindcss
django-easy-docs,django-easy-docs,5,0,2,.css,https://github.com/LewisFletcher/django-easy-docs
django-facebox,django-facebox,5,0,2,".css,.js",https://github.com/bashu/django-facebox
wagtail-visual-themes,wagtail-visual-themes,5,0,7,".css,.js",https://github.com/ujeenet/wagtail-visual-themes
yowlayer-django-store,yowlayer-django-store,5,0,2,".css,.js",https://github.com/jlmadurga/yowlayer-django-store
clinicedc,clinicedc,5,0,22,".css,.js",https://github.com/clinicedc/clinicedc
django-webcampicture,django-webcampicture,5,0,2,".css,.js",https://github.com/rnetonet/django-webcampicture
dj-warning-forms,dj-warning-forms,5,0,2,".css,.js",https://github.com/dnmellen/dj-warning-forms
django_icon_picker,django_icon_picker,5,0,2,".css,.js",https://github.com/bixat/django_icon_picker
django-achilles,django-achilles,5,0,3,.js,https://github.com/exekias/django-achilles
django-adminlte4,django-adminlte4,5,0,1369,".css,.js",https://github.com/hehenischal/django-adminlte4
djgent,djgent,5,0,4,".css,.js",https://github.com/borhanst/djgent
django-osm,django-osm,5,0,2,".css,.js",https://github.com/dcopm999/django-osm
django-charsleft-widget,django-charsleft-widget,4,0,4,".css,.js",https://github.com/bashu/django-charsleft-widget
openhub-django,openhub-django,4,0,2,".css,.js",https://github.com/sks444/openhub-django
django-future-tasks,django-future-tasks,4,0,1,.css,https://github.com/anexia/django-future-tasks
pylabels2,pylabels2,4,0,2,.css,https://github.com/erikvw/pylabels2
django-deno,django-deno,4,0,1,.js,https://github.com/Dmitri-Sintsov/django-deno
django-easy-formset,django-easy-formset,4,0,2,".css,.js",https://github.com/CleitonDeLima/django-easy-formset
wagtail-herald,wagtail-herald,4,0,3,".css,.js",https://github.com/kkm-horikawa/wagtail-herald
django-simple-log-viewer,django-simple-log-viewer,4,0,13,".css,.js",https://github.com/yusufoguntola/django-simple-log-viewer
wagtail-multi-image-edit,wagtail-multi-image-edit,4,0,2,".css,.js",https://github.com/kevinhowbrook/wagtail-multi-image-edit
django-fluent-faq,django-fluent-faq,4,2,1,.css,https://github.com/django-fluent/django-fluent-faq
django-frontly,django-frontly,4,0,3,".css,.js",https://github.com/edmenendez/django-frontly
seevooplay,seevooplay,4,0,4,.css,https://github.com/matthewn/seevooplay
django-template-obfuscator,django-template-obfuscator,4,0,2,".css,.js",https://github.com/rafahuelin/django-template-obfuscator
django-host-user-override,django-host-user-override,4,1,1,.css,https://github.com/mpyrev/django-host-user-override
django-html5croppingtools,django-html5croppingtools,4,0,7,".css,.js",https://github.com/iraklikhitarishvili/django-html5croppingtools
django-ttml,django-ttml,4,0,1,.css,https://github.com/rcrowther/django-tml
django-imageit,django-imageit,4,0,2,".css,.js",https://github.com/byite/django-imageit
blognajd,blognajd,4,3,6,".css,.js",https://github.com/danirus/blognajd
django-kdl-wagtail,django-kdl-wagtail,4,0,1,.js,https://github.com/kingsdigitallab/django-kdl-wagtail
df_config,df_config,4,0,1,.js,https://github.com/d9pouces/df_config
django_adminlte_x,django_adminlte_x,4,1,613,".css,.js",https://github.com/dnaextrim/django_adminlte_x
djangocms-katex,djangocms-katex,4,0,18,".css,.js",https://github.com/fsbraun/djangocms-katex
djohno,djohno,4,1,2,.css,https://github.com/dominicrodger/djohno
fluentcms-emailtemplates,fluentcms-emailtemplates,4,0,1,.css,https://github.com/django-fluent/fluentcms-emailtemplates
django-mermaid,django-mermaid,3,0,1,.js,https://github.com/ArtyomVancyan/django-mermaid
django-semantic-forms,django-semantic-forms,3,0,7,".css,.js",https://github.com/globophobe/django-semantic-forms
wagtail-html-editor,wagtail-html-editor,3,0,3,".css,.js",https://github.com/kkm-horikawa/wagtail-html-editor
wagtail-photo-voter,wagtail-photo-voter,3,0,2,".css,.js",https://github.com/straend/wagtail_photo_voter
wagtail-reusable-blocks,wagtail-reusable-blocks,3,1,1,.js,https://github.com/kkm-horikawa/wagtail-reusable-blocks
wagtailcloudinary,wagtailcloudinary,3,0,3,".css,.js",https://gitlab.com/thelabnyc/wagtailcloudinary
django-sphinx-hosting,django-sphinx-hosting,3,0,1,.css,https://github.com/caltechads/django-sphinx-hosting
django-sssoon,django-sssoon,3,1,70,".css,.js",https://github.com/Kingpin-Apps/django-sssoon
django_newsletter,django_newsletter,3,0,2,.js,https://github.com/rokj/django_newsletter
django-minke,django-minke,3,0,3,".css,.js",https://github.com/thomst/django-minke
djinsight,djinsight,3,0,2,".css,.js",https://github.com/krystianmagdziarz/djinsight
django-all-in-one-accessibility,django-all-in-one-accessibility,3,0,3,".css,.js",https://github.com/skynettechnologies/django-all-in-one-accessibility
django-nose-qunit,django-nose-qunit,3,1,3,".css,.js",https://github.com/safarijv/django-qunit-ci
fluentcms-cookielaw,fluentcms-cookielaw,3,0,2,".css,.js",https://github.com/django-fluent/fluentcms-cookielaw
fluentcms-countdown,fluentcms-countdown,3,1,59,".css,.js",https://github.com/django-fluent/fluentcms-countdown
fluentcms-filer,fluentcms-filer,3,0,3,.css,https://github.com/bashu/fluentcms-filer
fluentcms-googlemaps,fluentcms-googlemaps,3,0,7,".css,.js",https://github.com/django-fluent/fluentcms-googlemaps
fluentcms-pager,fluentcms-pager,3,0,1,.js,https://github.com/django-fluent/fluentcms-pager
django-polymorphic-foreignkey,django-polymorphic-foreignkey,3,0,2,".css,.js",https://github.com/theatlantic/django-polymorphic-foreignkey
django-adminstats,django-adminstats,2,0,7,".css,.js",https://gitlab.com/alantrick/django-adminstats
django-easy-quiz,django-easy-quiz,2,1,1,.css,https://gitlab.com/kapt/open-source/django-easy-quiz
django-lumen,django-lumen,2,0,1,.css,https://codeberg.org/lupus/django-lumen
regulus-wagtail-extensions,regulus-wagtail-extensions,2,0,1,.js,https://github.com/regulusweb/wagtail-extensions
django-reorder-items-widget,django-reorder-items-widget,2,0,2,".css,.js",https://github.com/thomst/django-reorder-items-widget
django-dialogform,django-dialogform,2,0,7,".css,.js",https://github.com/zoltan-ky/django-dialogform
django-rstblog,django-rstblog,2,0,9,".css,.js",https://github.com/l-dfa/django-rstblog
django-dynamic-attachments,django-dynamic-attachments,2,0,3,".css,.js",https://github.com/imsweb/django-dynamic-attachments
django-search-admin-autocomplete,django-listview-search-admin-autocomplete,2,0,8,".css,.js",https://github.com/borhanst/django-search-admin-autocomplete
wagtail-all-in-one-accessibility,wagtail-all-in-one-accessibility,2,0,4,".css,.js",https://github.com/skynettechnologies/wagtail-all-in-one-accessibility
cmsplugin-yandex-maps,cmsplugin-yandex-maps,2,1,8,".css,.js",https://github.com/Atterratio/cmsplugin-yandex-maps
wagtail-related,wagtail-related,2,0,2,".css,.js",https://github.com/torchbox/wagtail-related
hatemile-for-django,hatemile-for-django,2,0,6,".css,.js",https://github.com/hatemile/hatemile-for-django
django-subforms,django-subforms,2,0,2,".css,.js",https://github.com/gmcquillan/django-subforms
django-img,django-img,2,0,1,.css,https://github.com/rcrowther/django-img
django-jodit,django-jodit,2,0,3,".css,.js",https://github.com/mounirmesselmeni/django-jodit
django-leaflet-point,django-leaflet-point,2,0,4,".css,.js",https://github.com/Anton-vBR/django-leaflet-point
dj-hitcount,dj-hitcount,2,0,2,.js,https://github.com/abhiabhi94/dj-hitcount
djangocms-markdown,djangocms-markdown,2,0,3,".css,.js",https://github.com/fsbraun/djangocms-markdown
fluentcms-publishing,fluentcms-publishing,2,0,3,".css,.js",https://github.com/bashu/fluentcms-publishing
fluentcms-suit,fluentcms-suit,2,0,13,".css,.js",https://github.com/bashu/fluentcms-suit
jalali-django-admin-rangefilter,jalali-django-admin-rangefilter,2,0,16,".css,.js",https://github.com/nshayanfar/jalali-django-admin-rangefilter
django-cartouche,django-cartouche,2,0,2,".css,.js",https://github.com/rnegron/django-cartouche
django-clearable-widget,django-clearable-widget,1,0,4,".css,.js",https://github.com/bashu/django-clearable-widget
texsite,texsite,1,0,15,".css,.js",https://gitlab.com/texperience/texsite
wagtail-admin-modals,wagtail-admin-modals,1,0,4,".css,.js",https://github.com/FormuLearn/wagtail-admin-modals
wagtail-generic-chooser,wagtail-generic-chooser,1,0,6,.js,https://github.com/gasman/wagtail-generic-chooser
wagtail-sendinblue,wagtail-sendinblue,1,0,3,".css,.js",https://github.com/apihackers/wagtail-sendinblue
lino,lino,1,2,1399,".css,.js",https://gitlab.com/lino-framework/lino
django-taggit-autosuggest,django-taggit-autosuggest,1,0,3,".css,.js",https://bitbucket.org/fabian/django-taggit-autosuggest
django2-propeller,django2-propeller,1,1,2,".css,.js",https://github.com/RaddishIoW/django2-propeller
dj_auth,dj_auth,1,1,2,".css,.js",https://gitlab.com/systent/dj_auth
django_editorjs2,django_editorjs2,1,0,13,.js,https://github.com/surajsinghbisht054/django_editorjs2
django-allcaptcha,django-allcaptcha,1,0,1,.js,https://github.com/confuzeus/django-allcaptcha
django-nepkit,django-nepkit,1,0,5,".css,.js",https://github.com/s4nkalp/django-nepkit
fluentcms-privatenotes,fluentcms-privatenotes,1,0,1,.css,https://github.com/django-fluent/fluentcms-privatenotes
django-bootstrap-swt,django-bootstrap-swt,1,0,2,".css,.js",https://github.com/jokiefer/django-bootstrap-swt
django-admin-runner,django-admin-runner,1,0,1,.css,https://github.com/burgdev/django-admin-runner
django-postman,django-postman,1,23,4,".css,.js",https://bitbucket.org/psam/django-postman
django-cleavejs,django-cleavejs,0,0,1,.js,https://edugit.org/AlekSIS/libs/django-cleavejs
non-admin-draftail,non-admin-draftail,0,0,2,".css,.js",https://timonweb.com
django-query-params,django-query-params,0,1,2,.js,https://github.com/hyperlocalhq/django-query-params
django-quill,django-quill,0,0,10,".css,.js",https://github.com/lulzcasz/django-quill
django-countries-deprecated,django-countries,0,11,2,.css,http://bitbucket.org/smileychris/django-countries/
django-kb,django-kb,0,0,1,.js,https://github.com/eliostvs
django-dmcadmin,django-dmcadmin,0,0,1039,".css,.js",https://github.com/hairetdin/django-dmcadmin
django-salesman,django-salesman,0,0,1,.css,https://pypi.org/project/django-salesman/
django-tilestache,django-tilestache,0,1,2,".css,.js",https://gitlab.sigmageosistemas.com.br/dev/django-tilestache
uwkm-streamfields,uwkm-streamfields,0,0,26,".css,.js",https://github.com/UWKM/uwkm_streamfields/
wagalytics-tier,wagalytics-tier,0,0,2,.js,https://github.com/ProjectTIER/wagalytics
wagtail-altstreamfield,wagtail-altstreamfield,0,0,2,".css,.js",https://github.com/didorothy/wagtail-altstreamfield
django-shift-work,django-shift-work,0,0,2,".css,.js",https://github.com/Reyvel/django-shift-work
wagtail-hallo-plugins,wagtail-hallo-plugins,0,0,1,.js,https://gitlab.com/thelabnyc/wagtail_hallo_plugins
wagtail-modelchooser,wagtail-modelchooser,0,0,2,.js,https://github.com/takeflight/wagtailmodelchooser/
wagtail-personalisation-molo,wagtail-personalisation-molo,0,0,8,".css,.js",https://github.com/praekeltfoundation/wagtail-personalisation/
wagtail-review,wagtail-review,0,0,7,".css,.js",https://github.com/torchbox/wagtail-review
wagtail-table-block,wagtail-table-block,0,0,3,".css,.js",https://github.com/alexgleason/wagtail_table_block
wagtailatomicadmin,wagtailatomicadmin,0,0,7,.css,https://github.com/alexgleason/wagtailatomicadmin
wagtailblocks-cards,wagtailblocks-cards,0,0,1,.css,https://github.com/alexgleason/wagtailblocks_cards
wagtailemoji,wagtailemoji,0,0,1,.css,https://github.com/alexgleason/wagtailemoji
wagtailhavetheabilitytoactuallyseefieldsintheadmin,wagtailhavetheabilitytoactuallyseefieldsintheadmin,0,0,1,.css,https://github.com/alexgleason/wagtailhavetheabilitytoactuallyseefieldsintheadmin
wagtailleafletwidget,wagtailleafletwidget,0,0,2,".css,.js",https://github.com/wagtail-leaflet-widget
wagtailnews-collection,wagtailnews-collection,0,0,1,.js,https://github.com/taywee/wagtailnews-collection/
wagtailperson,wagtailperson,0,0,2,".css,.js",https://framagit.org/SebGen/wagtailperson
wagtailpress,wagtailpress,0,0,20,".css,.js",https://framagit.org/SebGen/wagtailpress
django-tagging-autocomplete,django-tagging-autocomplete,0,0,11,".css,.js",http://code.google.com/p/django-tagging-autocomplete
wagtail_tabbed_structblock,wagtail-tabbed-structblock,0,0,2,".css,.js",https://github.com/AgenciaEgo/wagtail_tabbed_structblock
django-ui,django-ui,0,0,2,.js,http://sourceforge.net/projects/django-ui
django-keoh-userprofile,django-keoh-userprofile,0,0,2,".css,.js",https://github.com/KeoH/django-keoh-userprofile/tree/master/user_profile
django-lucus,django-lucus,0,0,29,".css,.js",https://github.com/rockdukan/django-lucus
fddqfddq_django,django,0,0,101,".css,.js",https://github.com/fddqfddq/django
djangocms-admindocs-style,djangocms-admindocs-style,0,0,1,.css,https://github.com/goldhand/djangocms-admindocs-style
django-mini-ui,django-mini-ui,0,0,19,".css,.js",https://github.com/ranjithsvcetcse/django-mini
django-mitre,django-mitre,0,0,2,".css,.js",https://github.com/the-shadowserver-foundation/django-mitre
django-administration,django-administration,0,0,1,.css,https://github.com/cvng/django-administration
django-ajax-csrf,django-ajax-csrf,0,1,1,.js,https://github.com/nnsnodnb/django-ajax-csrf
django-ajax-selects,django-ajax-selects,0,3,12,".css,.js",http://django-ajax-selects.googlecode.com/svn/trunk/
django-pgsql-interval-field,django-pgsql-interval-field,0,0,1,.css,https://code.google.com/p/django-pgsql-interval-field
menu-header-wagtail,menu-header-wagtail,0,0,4,".css,.js",https://gitlab.com/florezjose/menu_header_wagtail
